{
  "best_f_beta": 0.9333212630611041,
  "beta": 2.0,
  "precision": 0.7818260376510923,
  "recall": 0.9808356427412995,
  "params": {
    "w_energy": 2.059256289716742,
    "w_zcr": 0.18211974320085242,
    "w_entropy": 0.016984499886054744,
    "w_flatness": 0.13916370233788808,
    "w_band_ratio": 0.45041973601547686,
    "threshold": 0.24533205980736317,
    "onset_frames": 1,
    "hangover_frames": 22,
    "adaptation_rate": 0.01275474566103218,
    "band_low_hz": 126.378614809776,
    "band_high_hz": 2899.307917922591
  },
  "weights_normalized": [
    0.7230676974589997,
    0.06394779709337607,
    0.00596377599351246,
    0.04886462084482337,
    0.1581561086092884
  ],
  "baseline_f_beta": 0.8372546867992279,
  "n_trials": 300
}