{
  "best_f_beta": 0.9371367024171786,
  "beta": 2.0,
  "precision": 0.77151123256505,
  "recall": 0.9902844466908152,
  "params": {
    "w_energy": 3.709286868619605,
    "w_zcr": 0.12837126552074554,
    "w_entropy": 0.09688566303260951,
    "w_flatness": 0.19448178125696605,
    "w_band_ratio": 1.1060497999814691,
    "threshold": 0.28633490342506607,
    "onset_frames": 1,
    "hangover_frames": 40,
    "adaptation_rate": 0.061655939521252874,
    "band_low_hz": 95.17538046606455,
    "band_high_hz": 3989.7180420611294
  },
  "weights_normalized": [
    0.708545073470404,
    0.02452137863193487,
    0.018507023496194593,
    0.037149757586868275,
    0.21127676681459825
  ],
  "baseline_f_beta": 0.8609914724622056,
  "n_trials": 300
}