{
  "best_f_beta": 0.9347587354337856,
  "beta": 2.0,
  "precision": 0.7778875794101091,
  "recall": 0.9843873669737634,
  "params": {
    "w_energy": 3.9988503769083588,
    "w_zcr": 0.0172412596711147,
    "w_entropy": 0.014493464247011313,
    "w_flatness": 0.5620139078473309,
    "w_band_ratio": 1.9024397661447232,
    "threshold": 0.3984491528332973,
    "onset_frames": 1,
    "hangover_frames": 36,
    "adaptation_rate": 0.02424649903162812,
    "band_low_hz": 142.9110229054048,
    "band_high_hz": 4325.731206239557
  },
  "weights_normalized": [
    0.6156776757687763,
    0.0026545275969651764,
    0.0022314669318377143,
    0.08652972327529063,
    0.2929066064271301
  ],
  "baseline_f_beta": 0.8439710439462028,
  "n_trials": 300
}